Filename,T1,T2,S1,2T1-S1,2T1-T2,HOMO,LUMO
M2 ENERGY.log,0.9763,2.9771,2.7853,-0.8327,-1.0245000000000002,-0.24927,
